DOI,Doc
10.1145/2932631,/1.pdf
10.1145/3077286.3077565,/2.pdf
10.1145/3078841,/3.pdf
10.1145/3084226.3084265,/4.pdf
10.1145/3149572.3149584,/5.pdf
